id,decreased,weights
AEWB71,1,1.0003930817610063
UAAXGA,1,1.0003930817610063
53LSPJ,1,1.0003930817610063
FLO8WI,1,1.0003930817610063
TKCDLW,1,1.0003930817610063
4WDZ33,1,1.0003930817610063
S0BPRS,1,1.0003930817610063
EU9KM9,1,1.0003930817610063
59HPT0,1,1.0003930817610063
6YILX5,1,1.0003930817610063
Z164JF,1,1.0003930817610063
OT4EOH,1,1.0003930817610063
0BNT80,1,1.0003930817610063
J9BL4S,1,1.0003930817610063
LL69UU,1,1.0003930817610063
QW5QOG,1,1.0003930817610063
LYLO05,1,1.0003930817610063
OVP1B8,1,1.0003930817610063
X7HXNW,1,1.0003930817610063
ZH4JWZ,1,1.0003930817610063
K3G01K,1,1.0003930817610063
KSA0KZ,1,1.0003930817610063
YDMRLA,1,1.0003930817610063
M1P60Y,1,1.0003930817610063
47BUD0,1,1.0003930817610063
MTO35S,1,1.0003930817610063
MGYISU,1,1.0003930817610063
09SYAD,1,1.0003930817610063
LEAMKB,1,1.0003930817610063
2WGCQ4,1,1.0003930817610063
16POZQ,1,1.0003930817610063
9OQ1PX,0,1.0
B3NVV7,1,1.0003930817610063
YB8OE0,1,1.0003930817610063
RLUOBD,0,1.0
4Q2CW1,1,1.0003930817610063
IMCTMO,1,1.0003930817610063
DR8QBE,1,1.0003930817610063
ZFQJC2,1,1.0003930817610063
2LS0AF,0,1.0
X42K17,1,1.0003930817610063
SHQ230,1,1.0003930817610063
CIFCOK,1,1.0003930817610063
13U76N,1,1.0003930817610063
FOQW0F,1,1.0003930817610063
3C3XSZ,1,1.0003930817610063
7M7WRI,0,1.0
0NH2US,1,1.0003930817610063
Y58HCC,0,1.0
U6BBKL,1,1.0003930817610063
B1IVX4,1,1.0003930817610063
9EMZA3,0,1.0
RLT3MR,0,1.0
LIOYDE,1,1.0003930817610063
2J0KMN,1,1.0003930817610063
BVVPI4,0,1.0
JUB7FE,1,1.0003930817610063
Q6B4XS,1,1.0003930817610063
6ZNDJF,0,1.0
EEHWIH,0,1.0
OY08GZ,1,1.0003930817610063
MMEZEC,0,1.0
JZYOEQ,1,1.0003930817610063
KSLLON,1,1.0003930817610063
JKURI6,0,1.0
ZS408R,0,1.0
IYK8W2,0,1.0
564025,1,1.0003930817610063
G0OQWC,0,1.0
D0KAO8,1,1.0003930817610063
QL240N,0,1.0
044LNX,1,1.0003930817610063
SI8Q0L,0,1.0
1Q8GKB,1,1.0003930817610063
XPY0DN,0,1.0
7FJAEN,1,1.0003930817610063
INB7FZ,0,1.0
0G42R2,1,1.0003930817610063
1YS3ZW,0,1.0
97090T,1,1.0003930817610063
ZCS469,0,1.0
Q8C3PW,0,1.0
5BAGC9,0,1.0
ZHWFHK,1,1.0003930817610063
L1OZS0,0,1.0
AB30SM,1,1.0003930817610063
2ZFY63,1,1.0003930817610063
8WLMIW,0,1.0
R1LSX9,0,1.0
010A85,0,1.0
AMVPX0,1,1.0003930817610063
CJKQ8I,0,1.0
Z4YJNP,1,1.0003930817610063
J8HRXY,1,1.0003930817610063
53L8FT,0,1.0
N05Q06,0,1.0
VWWXTA,0,1.0
EVH36H,0,1.0
MZ3QD5,0,1.0
RRW5P0,1,1.0003930817610063
UQ3G7J,0,1.0
PHDXK8,0,1.0
6LL1K9,0,1.0
V5DJIP,0,1.0
C1O37V,1,1.0003930817610063
W7U1PX,1,1.0003930817610063
BU5XAC,0,1.0
0C6CB8,0,1.0
QL1052,0,1.0
NKHRDC,0,1.0
JJX6HR,0,1.0
UGZ35N,0,1.0
0N9GAP,0,1.0
UM3PXK,1,1.0003930817610063
R33C81,1,1.0003930817610063
9L3R3Z,1,1.0003930817610063
7N4XOM,0,1.0
65PR05,0,1.0
5O6W67,0,1.0
N6EFH5,0,1.0
R2ADG3,0,1.0
GK4E07,1,1.0003930817610063
AH3Q81,0,1.0
Y5G6JY,0,1.0
VMFMJ2,0,1.0
8X94BN,0,1.0
KL1SU9,0,1.0
8A6AII,0,1.0
KEDIMY,0,1.0
VFHGQ4,0,1.0
53LQB9,0,1.0
OSK0CF,0,1.0
9CD6NT,1,1.0003930817610063
ZLHI4X,0,1.0
UYCYOI,0,1.0
HMRMTM,1,1.0003930817610063
IKKUWX,0,1.0
OL3O22,0,1.0
ZSQY7N,0,1.0
YKVWFB,0,1.0
2VVCVW,0,1.0
K74JAE,0,1.0
XGPWLB,0,1.0
WF9J91,1,1.0003930817610063
P5NLWS,0,1.0
MOY444,1,1.0003930817610063
HL0J3L,0,1.0
1FDE11,1,1.0003930817610063
R2IPSX,0,1.0
MN8Q84,0,1.0
XO4VOF,1,1.0003930817610063
UUNSCA,1,1.0003930817610063
XP30FS,0,1.0
OAKKH9,1,1.0003930817610063
PRWVE9,1,1.0003930817610063
12AC84,0,1.0
D74V3X,0,1.0
SDMFYX,0,1.0
GS8W96,0,1.0
AQPHLG,1,1.0003930817610063
WLPIH0,1,1.0003930817610063
MDR9BC,1,1.0003930817610063
6A7WW4,0,1.0
5PRTI2,0,1.0
VR0KVK,0,1.0
O4QSFT,1,1.0003930817610063
6GOASP,0,1.0
0HFL29,0,1.0
BMYQJ8,1,1.0003930817610063
KF7WEE,0,1.0
KBPP70,1,1.0003930817610063
JNAXDJ,1,1.0003930817610063
T5U6O9,1,1.0003930817610063
MLBZRG,1,1.0003930817610063
1WIEX7,1,1.0003930817610063
TCMDOV,1,1.0003930817610063
6Z93SS,0,1.0
0BTWTU,1,1.0003930817610063
I5JXN2,1,1.0003930817610063
0IOB07,1,1.0003930817610063
JM3CN4,1,1.0003930817610063
P744X1,1,1.0003930817610063
ZMRJUH,0,1.0
2GC7YO,1,1.0003930817610063
YLJMI6,1,1.0003930817610063
3VW5DX,1,1.0003930817610063
B9CQAD,1,1.0003930817610063
R1OH6S,1,1.0003930817610063
8QIMJ5,1,1.0003930817610063
JL10F9,0,1.0
15OYNM,1,1.0003930817610063
9POY01,1,1.0003930817610063
JCCUG2,1,1.0003930817610063
KDDLCQ,0,1.0
JUE9XP,1,1.0003930817610063
SVFSTR,1,1.0003930817610063
T0CVMT,1,1.0003930817610063
3FQNSX,0,1.0
Z8CP0R,1,1.0003930817610063
CT4BXS,0,1.0
68T7VW,1,1.0003930817610063
1U4IIK,1,1.0003930817610063
AQ1QM0,1,1.0003930817610063
XNX4EY,1,1.0003930817610063
V0W6H3,1,1.0003930817610063
POWC1S,1,1.0003930817610063
D5RTQU,0,1.0
FONBA3,1,1.0003930817610063
BJEKTT,0,1.0
IKOYGG,1,1.0003930817610063
N42QKF,0,1.0
H3T1XO,1,1.0003930817610063
2HR2D6,1,1.0003930817610063
O1CIFK,1,1.0003930817610063
KRCW8S,1,1.0003930817610063
ZYUAJ8,0,1.0
XRJ0H5,1,1.0003930817610063
B0A1WL,1,1.0003930817610063
96WVGA,1,1.0003930817610063
6HR9PB,1,1.0003930817610063
3O4EQX,0,1.0
0WKMI6,0,1.0
M8KF1E,0,1.0
X8BGBT,1,1.0003930817610063
L3DDHC,1,1.0003930817610063
G472R9,1,1.0003930817610063
H64R06,1,1.0003930817610063
9V3PYJ,1,1.0003930817610063
EAAWYL,1,1.0003930817610063
MGZZEW,0,1.0
5GSHTS,1,1.0003930817610063
0G40QY,1,1.0003930817610063
3LPWSP,1,1.0003930817610063
QT8ZJ0,0,1.0
NBJO6X,1,1.0003930817610063
4GUYLW,1,1.0003930817610063
6NJM2L,1,1.0003930817610063
IVAP1S,1,1.0003930817610063
X27HPL,1,1.0003930817610063
Z17I3L,0,1.0
E3JLKC,1,1.0003930817610063
IJ9RIQ,1,1.0003930817610063
FSOQAN,0,1.0
VAUKLY,1,1.0003930817610063
1X44WK,1,1.0003930817610063
FS7SX2,1,1.0003930817610063
7VIC2W,0,1.0
O5T4QM,1,1.0003930817610063
ZTMEE9,1,1.0003930817610063
ZIIWST,0,1.0
FOBM63,1,1.0003930817610063
YRP9CS,1,1.0003930817610063
GCV6BV,1,1.0003930817610063
K7BX7J,0,1.0
2HX0YG,1,1.0003930817610063
O8V5M0,1,1.0003930817610063
K6KTO9,1,1.0003930817610063
X192U6,1,1.0003930817610063
I5V6FG,1,1.0003930817610063
ANFZOR,0,1.0
D70K91,1,1.0003930817610063
4KZGQ0,1,1.0003930817610063
YWG2EP,1,1.0003930817610063
2HUY2I,1,1.0003930817610063
862X02,1,1.0003930817610063
BRL878,1,1.0003930817610063
YF3S3W,1,1.0003930817610063
9I4Q4T,1,1.0003930817610063
H9X3CD,1,1.0003930817610063
RSJ154,1,1.0003930817610063
3260HM,1,1.0003930817610063
OF2VT0,1,1.0003930817610063
DFV4BB,1,1.0003930817610063
Y73L92,1,1.0003930817610063
4GXFV7,1,1.0003930817610063
V0L44B,0,1.0
ZNUJF6,1,1.0003930817610063
4E3WHI,1,1.0003930817610063
T7O6SZ,0,1.0
W2R5X5,1,1.0003930817610063
GW4PYF,1,1.0003930817610063
JIC6MG,1,1.0003930817610063
ALENQG,1,1.0003930817610063
2OQJJH,0,1.0
LGZY7B,1,1.0003930817610063
2DRVCT,1,1.0003930817610063
WLDBC7,1,1.0003930817610063
MI04P7,1,1.0003930817610063
79NM8W,1,1.0003930817610063
WBXRP1,0,1.0
Q56L5Y,1,1.0003930817610063
A9L9CD,1,1.0003930817610063
MBEFPX,1,1.0003930817610063
AD6BM2,1,1.0003930817610063
IVPWSM,0,1.0
E6PNFC,1,1.0003930817610063
96BBH5,1,1.0003930817610063
56NZY5,1,1.0003930817610063
X44PQ5,1,1.0003930817610063
ZQ7HJX,1,1.0003930817610063
EECTI3,1,1.0003930817610063
9FVNAB,1,1.0003930817610063
23US2I,1,1.0003930817610063
DIM0LG,1,1.0003930817610063
1DP728,1,1.0003930817610063
7UIING,0,1.0
5HTX6B,1,1.0003930817610063
YHYNSO,1,1.0003930817610063
W98HB9,1,1.0003930817610063
58P6HY,1,1.0003930817610063
Q9CLCO,1,1.0003930817610063
7WSTN9,1,1.0003930817610063
AC6WUN,1,1.0003930817610063
Z6HQ86,1,1.0003930817610063
UPJI8A,1,1.0003930817610063
8OJLTE,1,1.0003930817610063
5ROYVP,1,1.0003930817610063
6HWN0L,1,1.0003930817610063
GLTV85,1,1.0003930817610063
3NYRDE,0,1.0
RS2LS4,1,1.0003930817610063
M61FBH,1,1.0003930817610063
5T4WJF,1,1.0003930817610063
0069AH,1,1.0003930817610063
10FVW7,1,1.0003930817610063
L9XE0P,1,1.0003930817610063
8Y2NWS,0,1.0
YR9ZMN,1,1.0003930817610063
E645PU,1,1.0003930817610063
MH1LKA,1,1.0003930817610063
IJ7Y34,1,1.0003930817610063
4M73SR,1,1.0003930817610063
837JQB,1,1.0003930817610063
NDJYF1,1,1.0003930817610063
07DBZD,1,1.0003930817610063
0WQ456,1,1.0003930817610063
DT6VJ9,1,1.0003930817610063
YO5UIV,1,1.0003930817610063
7W9X22,0,1.0
XJFFJ5,1,1.0003930817610063
87IQL6,1,1.0003930817610063
PVLRKN,1,1.0003930817610063
AM9U0S,1,1.0003930817610063
SG3VD0,0,1.0
KNDGX7,1,1.0003930817610063
HDXW1X,1,1.0003930817610063
HQC5IG,0,1.0
M4YMWB,1,1.0003930817610063
SZMC4E,1,1.0003930817610063
LC7N5Q,1,1.0003930817610063
O7OR68,1,1.0003930817610063
6O5XSO,1,1.0003930817610063
YJWJLV,1,1.0003930817610063
7QIPLL,1,1.0003930817610063
BADOD1,1,1.0003930817610063
7HQZXK,1,1.0003930817610063
N9NIRT,1,1.0003930817610063
8IFANT,1,1.0003930817610063
LQAIDQ,0,1.0
1UO67G,1,1.0003930817610063
B62DMQ,1,1.0003930817610063
C7HY5I,0,1.0
WHAII9,0,1.0
4RHYNC,1,1.0003930817610063
GY5LZF,1,1.0003930817610063
XG3ZQJ,1,1.0003930817610063
095TGF,1,1.0003930817610063
GVZ75T,1,1.0003930817610063
A2OHO4,1,1.0003930817610063
1V8EBB,1,1.0003930817610063
IYYFJQ,1,1.0003930817610063
Z97W6J,1,1.0003930817610063
GGLWDN,1,1.0003930817610063
UL2SLU,1,1.0003930817610063
BZJUA9,1,1.0003930817610063
D3PDQG,1,1.0003930817610063
ODLPXI,1,1.0003930817610063
F52JRQ,1,1.0003930817610063
YLVP2C,1,1.0003930817610063
LC19QE,1,1.0003930817610063
4GC7KI,1,1.0003930817610063
885T41,1,1.0003930817610063
UCNTO8,1,1.0003930817610063
GFV654,1,1.0003930817610063
8WZ6O0,1,1.0003930817610063
R3PMFJ,1,1.0003930817610063
CX8B8Z,1,1.0003930817610063
UXJNF3,1,1.0003930817610063
OM2AZD,1,1.0003930817610063
SBP251,1,1.0003930817610063
2Y6LU0,1,1.0003930817610063
DQE0YJ,1,1.0003930817610063
ZTEAKC,1,1.0003930817610063
WWAHKO,1,1.0003930817610063
MHZPD7,1,1.0003930817610063
VO6ZUP,1,1.0003930817610063
QST4AD,1,1.0003930817610063
RVL51L,1,1.0003930817610063
SZGB6B,1,1.0003930817610063
324OWU,1,1.0003930817610063
17XI12,1,1.0003930817610063
3NORRT,1,1.0003930817610063
AFJV8Z,1,1.0003930817610063
4X9YKF,1,1.0003930817610063
PY8O8H,1,1.0003930817610063
S52U06,1,1.0003930817610063
ASQQNZ,0,1.0
AP1P22,1,1.0003930817610063
ZEGPBW,1,1.0003930817610063
5KHGBC,1,1.0003930817610063
JTTIGY,0,1.0
QFGITC,0,1.0
C6X24T,1,1.0003930817610063
ABL1XK,1,1.0003930817610063
J85PT8,1,1.0003930817610063
DEGFBM,1,1.0003930817610063
FIY7M8,0,1.0
G2X9J4,1,1.0003930817610063
YG02FL,1,1.0003930817610063
RXGU9A,1,1.0003930817610063
6H23C1,1,1.0003930817610063
1O4PQQ,1,1.0003930817610063
50LRI4,1,1.0003930817610063
ODDNHL,0,1.0
IWDT1O,1,1.0003930817610063
3FXNZN,1,1.0003930817610063
MLAQOE,1,1.0003930817610063
J36NU6,1,1.0003930817610063
SR8AMU,1,1.0003930817610063
EA7JK1,1,1.0003930817610063
LD90VH,1,1.0003930817610063
SGYX0N,0,1.0
VZ4LZ6,1,1.0003930817610063
TSCBBV,1,1.0003930817610063
3F8KRI,1,1.0003930817610063
5MEDFG,1,1.0003930817610063
4D6UBX,1,1.0003930817610063
UZT4UI,1,1.0003930817610063
D61T8N,1,1.0003930817610063
XZIW0R,1,1.0003930817610063
C4ZXA5,1,1.0003930817610063
OH7EH2,1,1.0003930817610063
922BM8,1,1.0003930817610063
HZAOA9,1,1.0003930817610063
LBUYMZ,1,1.0003930817610063
441AMF,1,1.0003930817610063
SJ50E6,0,1.0
VZZ5X0,1,1.0003930817610063
O38KBY,1,1.0003930817610063
SMD87Z,1,1.0003930817610063
YZNYKU,1,1.0003930817610063
R1P1FA,1,1.0003930817610063
RT1MH6,1,1.0003930817610063
3UEIT2,1,1.0003930817610063
6Z6DXI,1,1.0003930817610063
1DYOFK,1,1.0003930817610063
WEN1XS,1,1.0003930817610063
6V7URD,1,1.0003930817610063
CUBAED,1,1.0003930817610063
MBA3G1,1,1.0003930817610063
2ZMJ6C,1,1.0003930817610063
SUCATV,0,1.0
84QHWJ,1,1.0003930817610063
SRZ3M2,1,1.0003930817610063
1K2KZZ,1,1.0003930817610063
29SP4J,1,1.0003930817610063
S0BWPT,1,1.0003930817610063
25VIKL,1,1.0003930817610063
O4ZIGX,0,1.0
NCLHA4,1,1.0003930817610063
S7YXP1,1,1.0003930817610063
JVOX3F,1,1.0003930817610063
K0H5DN,1,1.0003930817610063
TEITZK,0,1.0
W35A8M,1,1.0003930817610063
EZFVK2,1,1.0003930817610063
2YFUSB,1,1.0003930817610063
KVOZ3Z,1,1.0003930817610063
ACCZA8,1,1.0003930817610063
18DRG6,1,1.0003930817610063
8MXEWV,0,1.0
Q9DQK3,1,1.0003930817610063
K21HIL,1,1.0003930817610063
BHG1C2,1,1.0003930817610063
9PSYMF,1,1.0003930817610063
Z8Z2GE,1,1.0003930817610063
36GCVQ,1,1.0003930817610063
5ZT0CB,1,1.0003930817610063
GZPA2P,1,1.0003930817610063
4QRT8U,1,1.0003930817610063
MGE8J5,1,1.0003930817610063
0FOSYI,1,1.0003930817610063
6R8SMV,1,1.0003930817610063
V6F4HW,1,1.0003930817610063
JE6TPO,1,1.0003930817610063
80EZ16,1,1.0003930817610063
73J79E,1,1.0003930817610063
EDRQ3M,1,1.0003930817610063
L3JFGX,1,1.0003930817610063
JFIPHC,1,1.0003930817610063
ZZZ0GT,1,1.0003930817610063
I1A9KN,1,1.0003930817610063
33D7WG,1,1.0003930817610063
5BWLHZ,1,1.0003930817610063
AJSXK4,1,1.0003930817610063
XAR3NP,1,1.0003930817610063
5J27IG,1,1.0003930817610063
XI99CY,1,1.0003930817610063
6QTA3U,1,1.0003930817610063
AHBI71,1,1.0003930817610063
EPOZCL,1,1.0003930817610063
C46LR1,1,1.0003930817610063
WS1TS2,1,1.0003930817610063
50RMLG,1,1.0003930817610063
POLN6G,1,1.0003930817610063
XMPG42,1,1.0003930817610063
557PGA,1,1.0003930817610063
Q421IL,0,1.0
Q9UMCP,1,1.0003930817610063
VF6S0N,1,1.0003930817610063
ON5X9M,1,1.0003930817610063
C8VH2B,1,1.0003930817610063
GOT1Q8,1,1.0003930817610063
XPN8XD,1,1.0003930817610063
5RLMIG,0,1.0
ZESFPG,1,1.0003930817610063
F3BIKI,1,1.0003930817610063
U5WGQX,1,1.0003930817610063
9SLAQB,1,1.0003930817610063
94PQ2T,1,1.0003930817610063
19H2RP,1,1.0003930817610063
WAX07E,1,1.0003930817610063
LEJMCZ,1,1.0003930817610063
CY1GZT,1,1.0003930817610063
C6X8WX,1,1.0003930817610063
AEN29Z,1,1.0003930817610063
PWVY0F,0,1.0
UBT2B9,1,1.0003930817610063
2IM33L,1,1.0003930817610063
VL6WIU,1,1.0003930817610063
RW0OBO,1,1.0003930817610063
NIJVMQ,1,1.0003930817610063
8ROCZF,1,1.0003930817610063
ZBJL6K,0,1.0
6JNHVP,1,1.0003930817610063
04DT43,1,1.0003930817610063
GDE7DU,0,1.0
HOJBV6,0,1.0
JHLPNI,1,1.0003930817610063
0N8BAD,1,1.0003930817610063
NG3F32,1,1.0003930817610063
8Q3QL5,0,1.0
UZL4DF,0,1.0
Q1JTH0,1,1.0003930817610063
53RBO2,1,1.0003930817610063
8JXALH,1,1.0003930817610063
F8O0K0,1,1.0003930817610063
AO4DIE,0,1.0
A76MNW,1,1.0003930817610063
I5DQD5,0,1.0
LBH11M,0,1.0
6JL6T4,1,1.0003930817610063
64BEDG,1,1.0003930817610063
TJOQL0,1,1.0003930817610063
MOBVBC,1,1.0003930817610063
IEK682,0,1.0
IKQ5K4,1,1.0003930817610063
MIXR0N,1,1.0003930817610063
3YQJKU,1,1.0003930817610063
FXOBWD,1,1.0003930817610063
MAPI47,1,1.0003930817610063
PW2VO3,1,1.0003930817610063
ZVPW1I,0,1.0
FQPX72,1,1.0003930817610063
FWMII2,1,1.0003930817610063
MCSP88,1,1.0003930817610063
S125EQ,1,1.0003930817610063
SPCHYI,1,1.0003930817610063
QDI5NN,1,1.0003930817610063
P0QPY7,0,1.0
JBSLYH,1,1.0003930817610063
S8ITHA,0,1.0
VAM2MO,0,1.0
ZWB4WX,0,1.0
3HKOWH,0,1.0
9VC7UD,1,1.0003930817610063
95HSEC,1,1.0003930817610063
VAQUUW,1,1.0003930817610063
ZCV2NM,1,1.0003930817610063
QQH33L,1,1.0003930817610063
WFYTEI,1,1.0003930817610063
FW0F2M,1,1.0003930817610063
ZCOWT3,1,1.0003930817610063
T6SFWF,0,1.0
R82ATM,1,1.0003930817610063
M0K19Z,0,1.0
KPLHVT,1,1.0003930817610063
AGBQ5I,0,1.0
XIHZG7,0,1.0
UI7IAB,1,1.0003930817610063
4ZUIH9,0,1.0
JK4637,0,1.0
L5QDLI,0,1.0
NNY3QI,1,1.0003930817610063
WGQLMQ,1,1.0003930817610063
X125VU,1,1.0003930817610063
UZ6JJ5,0,1.0
R31XEY,0,1.0
QMHR2R,1,1.0003930817610063
1J1IS9,1,1.0003930817610063
GFW2ZB,1,1.0003930817610063
P9AFWO,1,1.0003930817610063
L164QT,0,1.0
8MB5PV,0,1.0
N6ABEV,1,1.0003930817610063
LKG7N4,0,1.0
NS21FF,1,1.0003930817610063
WQP5SZ,1,1.0003930817610063
R9REY0,1,1.0003930817610063
NZVDDR,1,1.0003930817610063
6XRI79,1,1.0003930817610063
6RCIRZ,1,1.0003930817610063
AHSHMU,0,1.0
VXDBV7,1,1.0003930817610063
AXYZ9O,0,1.0
67R9LM,0,1.0
IXBZCM,0,1.0
BH5JHL,1,1.0003930817610063
DRL0Q0,1,1.0003930817610063
DD0S7M,1,1.0003930817610063
8UH6BK,1,1.0003930817610063
Y0LPNC,1,1.0003930817610063
D5YM4U,1,1.0003930817610063
6YU9NK,1,1.0003930817610063
D4GTQL,1,1.0003930817610063
KW6DCR,1,1.0003930817610063
CC7PCK,1,1.0003930817610063
D10JNB,0,1.0
9HB3UE,1,1.0003930817610063
RVXGH3,1,1.0003930817610063
H4RVVG,0,1.0
076RR7,1,1.0003930817610063
KAS7YA,1,1.0003930817610063
A93XEZ,0,1.0
HV470A,1,1.0003930817610063
Y2WFWH,1,1.0003930817610063
75VMH6,1,1.0003930817610063
TDFXX1,1,1.0003930817610063
HNQ0CF,0,1.0
2I1YL0,1,1.0003930817610063
UWIJQO,0,1.0
HA85FC,1,1.0003930817610063
FBP4YE,1,1.0003930817610063
CUS8AY,1,1.0003930817610063
5ADUX1,1,1.0003930817610063
6J8D8Q,1,1.0003930817610063
TSKTRS,1,1.0003930817610063
XKTYAO,0,1.0
4UPXNU,1,1.0003930817610063
IWH634,0,1.0
V9VV92,1,1.0003930817610063
UXTZFI,1,1.0003930817610063
4WGNXP,1,1.0003930817610063
PNI7BP,0,1.0
7V3SAG,0,1.0
BX3ID6,1,1.0003930817610063
49KEEG,1,1.0003930817610063
ZXFM38,1,1.0003930817610063
1DUR00,1,1.0003930817610063
WJO6G8,1,1.0003930817610063
PHFY8S,1,1.0003930817610063
PEWWN4,1,1.0003930817610063
TCTTIA,1,1.0003930817610063
LYY1UT,1,1.0003930817610063
ISH5CD,1,1.0003930817610063
3B69PM,1,1.0003930817610063
MXJL5L,1,1.0003930817610063
GBUSE0,1,1.0003930817610063
SB2Y91,0,1.0
SCAC39,1,1.0003930817610063
Q8C69R,1,1.0003930817610063
D1PA67,1,1.0003930817610063
NRVJ9K,0,1.0
8ANV71,0,1.0
SWED10,1,1.0003930817610063
LMPJN0,1,1.0003930817610063
W563OR,1,1.0003930817610063
BDVKSM,0,1.0
7KQI28,0,1.0
R8EESK,0,1.0
OCQB61,0,1.0
9GKWO4,1,1.0003930817610063
0XP18U,1,1.0003930817610063
Z4O8QB,0,1.0
5XBA67,1,1.0003930817610063
O4R3ZK,0,1.0
TQXOZC,0,1.0
781QLG,1,1.0003930817610063
WZ554S,1,1.0003930817610063
6BPW2O,1,1.0003930817610063
DU2WPI,1,1.0003930817610063
RH19CW,1,1.0003930817610063
BFU9IQ,1,1.0003930817610063
11K8S8,0,1.0
4RCM4K,1,1.0003930817610063
KCN0O2,1,1.0003930817610063
FZL55K,1,1.0003930817610063
8KXOTH,1,1.0003930817610063
T4QMX8,1,1.0003930817610063
Y2341P,1,1.0003930817610063
8I7HQQ,0,1.0
N48AJL,1,1.0003930817610063
BLESPI,1,1.0003930817610063
I0E2GW,1,1.0003930817610063
M25Q22,1,1.0003930817610063
7GQ12I,1,1.0003930817610063
8NMBSK,0,1.0
6PJ133,0,1.0
BLOCMT,0,1.0
50B5UP,0,1.0
E258SR,0,1.0
Q0TX1G,0,1.0
RUT89U,0,1.0
CV18CV,1,1.0003930817610063
RSOZBL,1,1.0003930817610063
YWYPKG,1,1.0003930817610063
Z1DLJQ,1,1.0003930817610063
MLNMRM,0,1.0
3RN4NY,1,1.0003930817610063
TYU8HO,1,1.0003930817610063
HRJ17G,1,1.0003930817610063
FGWP0G,1,1.0003930817610063
PF2PVP,1,1.0003930817610063
H6GPEZ,1,1.0003930817610063
7L0VXD,0,1.0
MOJPKB,0,1.0
AFSZPB,0,1.0
4SAQ1J,1,1.0003930817610063
J5WAE9,1,1.0003930817610063
F63QU7,0,1.0
79DZC0,1,1.0003930817610063
516BN7,0,1.0
U57EH5,1,1.0003930817610063
FQNB8S,1,1.0003930817610063
I2AZ06,1,1.0003930817610063
2S9NA5,0,1.0
9K0SOI,1,1.0003930817610063
RE4R44,1,1.0003930817610063
9RZQQA,1,1.0003930817610063
A23PIR,0,1.0
SR8DLC,0,1.0
0ADZ9W,1,1.0003930817610063
1462VD,0,1.0
MLE1R8,1,1.0003930817610063
ZYAM5P,1,1.0003930817610063
0D876M,0,1.0
8YMIHS,1,1.0003930817610063
FWS9M8,0,1.0
7EUCZH,0,1.0
4ZPI0W,1,1.0003930817610063
RFNMSP,1,1.0003930817610063
Q9OOTD,0,1.0
A995QT,0,1.0
86JL9F,0,1.0
UUHYY8,1,1.0003930817610063
86U7KZ,1,1.0003930817610063
QL33GN,1,1.0003930817610063
FY1YV7,0,1.0
I1T3B7,0,1.0
0AQ8KA,0,1.0
UVMZW6,1,1.0003930817610063
5YCYNE,1,1.0003930817610063
TEENZR,0,1.0
C1PM74,1,1.0003930817610063
SFKT7J,0,1.0
DWEEAD,0,1.0
SDQ4RB,0,1.0
GN0JLK,1,1.0003930817610063
QCHKD5,0,1.0
1KHY22,1,1.0003930817610063
8Y0C7C,1,1.0003930817610063
9WO88G,1,1.0003930817610063
RTUZUK,1,1.0003930817610063
102L0Q,1,1.0003930817610063
QQMOWL,0,1.0
LDMZ0J,0,1.0
XRPI7G,1,1.0003930817610063
LSIE39,0,1.0
IE94UG,0,1.0
4C2WM1,1,1.0003930817610063
70OSSL,1,1.0003930817610063
QL2WLD,1,1.0003930817610063
TH74S1,1,1.0003930817610063
3YMALU,1,1.0003930817610063
PLRJOF,0,1.0
D5UHSB,0,1.0
Q53VC2,0,1.0
W6C40E,0,1.0
0KX04O,0,1.0
LMGOVW,1,1.0003930817610063
M0719F,0,1.0
3AIJA3,1,1.0003930817610063
2RKT5S,1,1.0003930817610063
Y19XBI,0,1.0
KHJM73,1,1.0003930817610063
LCJSCW,0,1.0
TY86C7,1,1.0003930817610063
9JRUMW,1,1.0003930817610063
FOPRG9,0,1.0
Y28M7Q,0,1.0
32TQTC,1,1.0003930817610063
VZ1HSX,1,1.0003930817610063
8DSIE3,1,1.0003930817610063
6B7AUF,1,1.0003930817610063
PG6WXG,0,1.0
SJ5FPV,0,1.0
9ZUHRI,1,1.0003930817610063
R5B5GR,1,1.0003930817610063
GR7J04,1,1.0003930817610063
9243LW,1,1.0003930817610063
5HSVZA,1,1.0003930817610063
FR6XTM,0,1.0
HI3YO5,0,1.0
WG3MIE,1,1.0003930817610063
GHAK2H,1,1.0003930817610063
OFZ5FU,0,1.0
VI4ZRU,0,1.0
MW0997,1,1.0003930817610063
C7VZ1P,1,1.0003930817610063
72MI1G,1,1.0003930817610063
G1BBNB,1,1.0003930817610063
R32WTS,1,1.0003930817610063
ERAKVU,0,1.0
QUWV83,1,1.0003930817610063
8BFDLM,1,1.0003930817610063
LXU75A,1,1.0003930817610063
MDITAA,1,1.0003930817610063
BS77F5,0,1.0
ZOPAB1,1,1.0003930817610063
D9H6PO,1,1.0003930817610063
HLKGA8,1,1.0003930817610063
CCO57P,1,1.0003930817610063
0R5Y6Z,0,1.0
Q51CZT,1,1.0003930817610063
TY9RQP,1,1.0003930817610063
X3FQTG,0,1.0
FNGZRE,1,1.0003930817610063
2CGMM2,0,1.0
8VMO9L,1,1.0003930817610063
FIC3YO,1,1.0003930817610063
60XLRI,1,1.0003930817610063
CSDYMY,1,1.0003930817610063
4MU7HJ,0,1.0
I4ZAP1,0,1.0
GIXOBD,0,1.0
0YRCG4,1,1.0003930817610063
YYLQA0,0,1.0
VJBA07,1,1.0003930817610063
7SAJ1H,0,1.0
1VS9QF,1,1.0003930817610063
J6JHEO,0,1.0
1VSCU8,0,1.0
W4TWYR,1,1.0003930817610063
C938XL,1,1.0003930817610063
2OUB5V,0,1.0
98W84E,1,1.0003930817610063
BJRTBY,0,1.0
K3Y8SF,1,1.0003930817610063
PDBYGZ,1,1.0003930817610063
1QZ2W9,1,1.0003930817610063
MQE7WO,1,1.0003930817610063
RBO7EP,1,1.0003930817610063
UAK3TN,0,1.0
GFZMB0,1,1.0003930817610063
OT2Q05,0,1.0
3M193R,0,1.0
VDYFCK,0,1.0
D57J5V,1,1.0003930817610063
2ORVX5,0,1.0
DF1O71,0,1.0
KGF9UN,0,1.0
B9LAHH,1,1.0003930817610063
5KRFAT,0,1.0
MPO0RH,1,1.0003930817610063
A3V1AB,1,1.0003930817610063
1T0T4X,0,1.0
9M9XSG,0,1.0
0UL9CV,0,1.0
1FM03Z,1,1.0003930817610063
BY65WW,0,1.0
Y65FJU,0,1.0
WY6RW7,1,1.0003930817610063
QMJTU2,0,1.0
U6G9EA,1,1.0003930817610063
3K173B,0,1.0
J1HADE,1,1.0003930817610063
T6L2KV,1,1.0003930817610063
T5VFP6,0,1.0
PG1WVP,0,1.0
GL2HQM,1,1.0003930817610063
SW77KE,1,1.0003930817610063
0X0URA,0,1.0
IBWGZR,1,1.0003930817610063
0H84RW,0,1.0
WTHUBT,1,1.0003930817610063
6V6E04,0,1.0
8EF59U,0,1.0
MQUQ68,0,1.0
KBTRDU,1,1.0003930817610063
VU6JZQ,1,1.0003930817610063
LBL5OF,1,1.0003930817610063
TX2024,1,1.0003930817610063
07LQO2,0,1.0
X9AE3X,0,1.0
1XFQ4F,0,1.0
Z5IQ4H,1,1.0003930817610063
SWD4NR,0,1.0
CUKEIZ,1,1.0003930817610063
OESOQO,0,1.0
15K1PI,0,1.0
ESIFIY,1,1.0003930817610063
P3SIHR,1,1.0003930817610063
ZGF2TZ,1,1.0003930817610063
90F7XV,0,1.0
L2DJ5Y,0,1.0
GLAXRC,1,1.0003930817610063
FNFU6V,0,1.0
PIEK9M,1,1.0003930817610063
LQOPRL,0,1.0
3CPBAS,0,1.0
OQXW94,0,1.0
43NUWH,0,1.0
V523JX,1,1.0003930817610063
6DALZG,0,1.0
RYX2EQ,1,1.0003930817610063
NQGQCG,1,1.0003930817610063
8SCSL7,0,1.0
XT0DV9,0,1.0
52CYZO,1,1.0003930817610063
7DCAIU,1,1.0003930817610063
8I8QZD,1,1.0003930817610063
MWQQ2B,0,1.0
4PM9PY,1,1.0003930817610063
15XKV9,0,1.0
I3DF91,0,1.0
3BVQ5K,1,1.0003930817610063
0WTQ18,1,1.0003930817610063
DS8QND,0,1.0
7T3RLP,1,1.0003930817610063
D26CA1,0,1.0
GNMWIC,0,1.0
R1TGJV,1,1.0003930817610063
R6K3NN,1,1.0003930817610063
XCBKCU,1,1.0003930817610063
919VRB,0,1.0
4ZVRFM,0,1.0
8LIJO8,0,1.0
TV7ZJD,1,1.0003930817610063
D16FDQ,1,1.0003930817610063
GHRC1S,0,1.0
KX1MEO,1,1.0003930817610063
9UJ390,1,1.0003930817610063
I8B76T,0,1.0
5J7OO4,0,1.0
ODPYE9,0,1.0
CC84OF,1,1.0003930817610063
2XAPQR,1,1.0003930817610063
OIG46P,1,1.0003930817610063
HC0YJT,1,1.0003930817610063
IKO7BN,0,1.0
3ZCP47,1,1.0003930817610063
Q3S7TN,0,1.0
XIUR3F,1,1.0003930817610063
5ATY5E,0,1.0
5GA790,1,1.0003930817610063
6OQ2CF,0,1.0
M3BPGH,1,1.0003930817610063
5Z0WT4,1,1.0003930817610063
FF0A48,0,1.0
DDKN5O,0,1.0
1W2PF7,1,1.0003930817610063
3YQCCZ,0,1.0
SVWOAV,0,1.0
VP70YD,0,1.0
XAOIF7,1,1.0003930817610063
HNIWEZ,0,1.0
HIQA16,0,1.0
9LRWFW,0,1.0
KUKFI7,1,1.0003930817610063
60J8GA,0,1.0
BNC0GU,1,1.0003930817610063
J5Q6X4,0,1.0
F9ZUBH,0,1.0
KYG6G3,0,1.0
T1IHT5,0,1.0
XKODWK,1,1.0003930817610063
D4QODF,1,1.0003930817610063
NX83KQ,0,1.0
X4KEW6,1,1.0003930817610063
OIZ8GT,0,1.0
S6JUIH,1,1.0003930817610063
Y0VBYE,0,1.0
YGGLTY,1,1.0003930817610063
W8EHKE,0,1.0
BKW9NF,1,1.0003930817610063
CVGXKN,1,1.0003930817610063
UGPRVZ,0,1.0
PJVJPE,0,1.0
AJ1P5I,0,1.0
7T3OBU,0,1.0
V496TK,1,1.0003930817610063
6OJX4Z,0,1.0
7U2BHB,1,1.0003930817610063
YE6VNQ,0,1.0
2LF1B1,0,1.0
YDSA7B,1,1.0003930817610063
A2T0EB,1,1.0003930817610063
P6KMYH,1,1.0003930817610063
G3AVG8,1,1.0003930817610063
PCCMFE,0,1.0
5N8NVC,1,1.0003930817610063
ETGDV4,1,1.0003930817610063
UUXL2J,0,1.0
MXEP0Z,0,1.0
R62YIH,1,1.0003930817610063
A26DAZ,0,1.0
SRU4OT,0,1.0
8AMWLB,0,1.0
ZQP63V,1,1.0003930817610063
Y0KJIE,0,1.0
0NVIH1,0,1.0
HWLZKP,1,1.0003930817610063
CLSZJC,1,1.0003930817610063
QQCUFC,1,1.0003930817610063
UFCGFE,1,1.0003930817610063
6EYAE3,0,1.0
R3NH2K,1,1.0003930817610063
240WDP,1,1.0003930817610063
XB217V,0,1.0
OHVZVS,0,1.0
FL3DVS,1,1.0003930817610063
L7S8NN,0,1.0
F3TYOB,1,1.0003930817610063
NNPGO6,0,1.0
9INZ0F,0,1.0
SIYCM3,1,1.0003930817610063
WUW1GT,1,1.0003930817610063
CZK9J4,1,1.0003930817610063
RID2U5,1,1.0003930817610063
SRRDBW,0,1.0
52QJ8T,1,1.0003930817610063
MFLM2O,1,1.0003930817610063
80U8KY,1,1.0003930817610063
YCYRIP,1,1.0003930817610063
OJSISJ,0,1.0
CGQV6Q,0,1.0
NWIXV1,0,1.0
PRX1CQ,1,1.0003930817610063
VQGN83,1,1.0003930817610063
IDSHQZ,0,1.0
Q9Q06N,1,1.0003930817610063
4PYLXP,1,1.0003930817610063
KCFG2F,1,1.0003930817610063
YHV0LU,0,1.0
B0Q8HD,1,1.0003930817610063
H4L317,1,1.0003930817610063
FO5AMK,0,1.0
QSLHWU,1,1.0003930817610063
2ILSX7,0,1.0
7RGYKV,0,1.0
U2QO1M,1,1.0003930817610063
D3W5XD,1,1.0003930817610063
7QQLOZ,1,1.0003930817610063
MX30JB,1,1.0003930817610063
S8847H,0,1.0
3NPYAZ,0,1.0
EKH1SZ,1,1.0003930817610063
2PE13K,1,1.0003930817610063
T27130,0,1.0
6A83R9,1,1.0003930817610063
GXP4JM,0,1.0
DKVPET,1,1.0003930817610063
VKSXP7,0,1.0
CK9HO2,1,1.0003930817610063
1II4O1,1,1.0003930817610063
XSWHMR,1,1.0003930817610063
Y084R2,0,1.0
9XFBEC,1,1.0003930817610063
RL4CU9,1,1.0003930817610063
9NDZE0,1,1.0003930817610063
55BRF8,0,1.0
CZBR14,1,1.0003930817610063
DIC3QA,1,1.0003930817610063
0139FS,1,1.0003930817610063
XSTOE4,1,1.0003930817610063
CJV0ZI,0,1.0
5D0P4D,0,1.0
05Q82K,1,1.0003930817610063
I0PWP4,1,1.0003930817610063
BI1LF1,1,1.0003930817610063
VH42ZZ,1,1.0003930817610063
30A856,1,1.0003930817610063
8Y8B2E,0,1.0
HDWTR0,0,1.0
6RWBZ1,0,1.0
MGV14C,1,1.0003930817610063
TEDYI8,0,1.0
D2Y7WD,0,1.0
53T14O,1,1.0003930817610063
OV9JPS,1,1.0003930817610063
SGEEQL,1,1.0003930817610063
4FIFGG,1,1.0003930817610063
EYY4NU,1,1.0003930817610063
OSCCEB,1,1.0003930817610063
5IAON7,1,1.0003930817610063
UUSK1R,1,1.0003930817610063
N9NPA8,0,1.0
V8AX7D,1,1.0003930817610063
0JNPQD,1,1.0003930817610063
1DVA15,1,1.0003930817610063
8O4BX3,0,1.0
22X6O4,0,1.0
RQRG8N,1,1.0003930817610063
20G2RE,1,1.0003930817610063
KJ5EAO,1,1.0003930817610063
O8F1IS,0,1.0
PF90CT,0,1.0
0ZG8I4,1,1.0003930817610063
A9O2S4,0,1.0
U5PXBG,0,1.0
43OJPM,0,1.0
1CVKUB,1,1.0003930817610063
OHN2FZ,0,1.0
PEYQ9Z,1,1.0003930817610063
1W0F0P,0,1.0
KXS4XL,1,1.0003930817610063
WE6II5,0,1.0
A3OMCL,1,1.0003930817610063
NRV5XH,1,1.0003930817610063
BN9PP9,0,1.0
SI530O,1,1.0003930817610063
W2K1SI,0,1.0
UFQMN8,1,1.0003930817610063
4FPULB,0,1.0
LPM95G,1,1.0003930817610063
OYU03J,1,1.0003930817610063
2GT5J2,0,1.0
FW19EW,1,1.0003930817610063
42T6IC,1,1.0003930817610063
L9W4DY,1,1.0003930817610063
3Q92OH,0,1.0
LVAJZM,1,1.0003930817610063
4A1T2F,1,1.0003930817610063
Y2QSGT,1,1.0003930817610063
IHTNW5,1,1.0003930817610063
YNK98R,0,1.0
EX7WKU,1,1.0003930817610063
WOE0G0,0,1.0
LLHFA4,0,1.0
LGWY52,0,1.0
TB92G3,1,1.0003930817610063
GP26P6,1,1.0003930817610063
MBO4QV,0,1.0
XSW7ZG,1,1.0003930817610063
GQXBVP,1,1.0003930817610063
UI0YX8,0,1.0
G2XBLA,0,1.0
OOM0B2,0,1.0
8X9K47,1,1.0003930817610063
0T0O0E,0,1.0
OIWOM7,1,1.0003930817610063
MIML9Y,0,1.0
2Q88S4,1,1.0003930817610063
33PHCF,1,1.0003930817610063
09818D,1,1.0003930817610063
DZNW4O,1,1.0003930817610063
VMHQNB,0,1.0
M9GECG,0,1.0
1EAAOP,0,1.0
0SAV1E,1,1.0003930817610063
I9AFAW,0,1.0
C4P2VB,0,1.0
N9EBBW,1,1.0003930817610063
8DIQ1H,1,1.0003930817610063
CTDP09,1,1.0003930817610063
LM9DHG,0,1.0
3DZMDA,1,1.0003930817610063
AFAJX4,1,1.0003930817610063
3VR4J8,1,1.0003930817610063
KD476G,0,1.0
F4L77Y,1,1.0003930817610063
RPCFPJ,0,1.0
FIRT80,1,1.0003930817610063
RNUTKT,1,1.0003930817610063
XRR9AO,1,1.0003930817610063
PRX2G0,0,1.0
AK2C82,1,1.0003930817610063
AZP8F0,0,1.0
Y70TO1,1,1.0003930817610063
G4RME8,0,1.0
TZ4VKU,1,1.0003930817610063
XYDRBQ,1,1.0003930817610063
44BOBV,1,1.0003930817610063
8MBD9S,1,1.0003930817610063
7JL9A8,1,1.0003930817610063
S94SF3,1,1.0003930817610063
PWO31A,0,1.0
3DDPW0,0,1.0
KZPNOV,0,1.0
P3MOOE,0,1.0
R8W40L,1,1.0003930817610063
SOR5YF,1,1.0003930817610063
693DGC,0,1.0
MWKRGF,0,1.0
O4Y0BR,0,1.0
DZOE3P,1,1.0003930817610063
J6LXGV,1,1.0003930817610063
W5KMKH,1,1.0003930817610063
U662KB,1,1.0003930817610063
ATVFN8,1,1.0003930817610063
82XDE7,1,1.0003930817610063
WINZ7D,0,1.0
TX471Q,1,1.0003930817610063
BLC0AB,1,1.0003930817610063
4B7WZA,0,1.0
5IP4FB,0,1.0
KZB7TJ,1,1.0003930817610063
AH3S3Q,0,1.0
BDO7UO,1,1.0003930817610063
ZYPD4S,0,1.0
PCEGAJ,1,1.0003930817610063
G5FVYO,1,1.0003930817610063
S41123,0,1.0
628FKL,0,1.0
LV9V1E,1,1.0003930817610063
8JWL2R,1,1.0003930817610063
3GEHAJ,1,1.0003930817610063
2NGRX8,1,1.0003930817610063
ZPG9XZ,0,1.0
6RRVHD,1,1.0003930817610063
GPD8TO,0,1.0
I2YL94,0,1.0
YAU95H,1,1.0003930817610063
QMID7A,1,1.0003930817610063
BXC5ED,1,1.0003930817610063
XUO6MV,1,1.0003930817610063
B18XUP,0,1.0
Y1KTKM,0,1.0
GK5YRO,1,1.0003930817610063
D96H1U,0,1.0
D7HUQY,1,1.0003930817610063
V69Y1S,0,1.0
HHXCSX,0,1.0
5BD3LR,1,1.0003930817610063
JV9CKB,1,1.0003930817610063
ZBPAOV,1,1.0003930817610063
XE2OE0,1,1.0003930817610063
C1GCCP,1,1.0003930817610063
QMTTYT,0,1.0
40XBN0,1,1.0003930817610063
9WO7LI,1,1.0003930817610063
JUELN8,1,1.0003930817610063
VELH3W,1,1.0003930817610063
060QD5,1,1.0003930817610063
HYF89I,0,1.0
E6DUQI,1,1.0003930817610063
H4ID9B,0,1.0
9VZQ6F,1,1.0003930817610063
68WFIM,1,1.0003930817610063
PFZF4Z,0,1.0
LONQFV,0,1.0
7IO1HN,1,1.0003930817610063
CQ0NED,1,1.0003930817610063
XXVZ3W,0,1.0
JEEPNH,1,1.0003930817610063
14ROMS,1,1.0003930817610063
D53MT3,1,1.0003930817610063
WRQ09S,0,1.0
ANUBU0,1,1.0003930817610063
GL1TP3,1,1.0003930817610063
8JMBKU,0,1.0
ZNOAXG,1,1.0003930817610063
DL2TVM,1,1.0003930817610063
1APHBF,1,1.0003930817610063
8XZHVY,1,1.0003930817610063
N8KFU5,1,1.0003930817610063
77P2UY,1,1.0003930817610063
T80KD0,1,1.0003930817610063
BEUC2I,0,1.0
2W1EN9,0,1.0
0F8CWZ,1,1.0003930817610063
KVZQK0,1,1.0003930817610063
CLSGLL,1,1.0003930817610063
MNW2UP,1,1.0003930817610063
4NEKLS,0,1.0
YJYZQI,0,1.0
9UL290,0,1.0
BYHVG9,1,1.0003930817610063
IFBMYT,1,1.0003930817610063
89EYO5,0,1.0
6SIMBQ,0,1.0
44PA36,0,1.0
OFQ6YW,0,1.0
6GBKL1,1,1.0003930817610063
042T8I,0,1.0
O6DJTN,1,1.0003930817610063
2XDJA9,0,1.0
DP41R5,1,1.0003930817610063
PI0507,1,1.0003930817610063
4Q2UCP,1,1.0003930817610063
2JPT0K,1,1.0003930817610063
9VL3T1,1,1.0003930817610063
IP8H1X,1,1.0003930817610063
O7WBI8,1,1.0003930817610063
YQUDX3,1,1.0003930817610063
5BLF7C,0,1.0
K37RQC,1,1.0003930817610063
PMFI0E,1,1.0003930817610063
12XHSD,1,1.0003930817610063
3X1HPN,1,1.0003930817610063
J6SPOU,0,1.0
8KPXR8,0,1.0
I9P7EH,0,1.0
T5JOFW,1,1.0003930817610063
AUZSRK,1,1.0003930817610063
WDKOM8,1,1.0003930817610063
QFFHRH,0,1.0
D2S095,1,1.0003930817610063
FS9LW8,1,1.0003930817610063
ZPXX9N,0,1.0
JQVZPQ,1,1.0003930817610063
O8HPCU,1,1.0003930817610063
Z44WBC,1,1.0003930817610063
MNINPL,1,1.0003930817610063
C338V4,1,1.0003930817610063
TG2AQ4,1,1.0003930817610063
D786OL,0,1.0
GKLMVM,1,1.0003930817610063
RQIHE9,0,1.0
0NJHZQ,1,1.0003930817610063
TOZ6E3,0,1.0
UPV67I,0,1.0
WQ7RJM,1,1.0003930817610063
D86RVG,1,1.0003930817610063
UY1BJR,1,1.0003930817610063
8UX0VW,1,1.0003930817610063
53AHEJ,1,1.0003930817610063
8IZ91I,1,1.0003930817610063
PP167U,1,1.0003930817610063
D2SMW1,1,1.0003930817610063
L6SISK,1,1.0003930817610063
H9R5ET,1,1.0003930817610063
7GJ428,0,1.0
VP0VFU,1,1.0003930817610063
UM90XT,1,1.0003930817610063
7W3C87,1,1.0003930817610063
I8ZPED,1,1.0003930817610063
BVZY8O,1,1.0003930817610063
FWOZZ1,1,1.0003930817610063
UT1A3V,0,1.0
O6UEIJ,1,1.0003930817610063
547KIW,0,1.0
X011KV,1,1.0003930817610063
ZHY31B,0,1.0
WMRH8D,0,1.0
UN55Y5,1,1.0003930817610063
GIDQ3P,1,1.0003930817610063
E1B96F,0,1.0
P1EOTY,0,1.0
GNX0G3,1,1.0003930817610063
4TNA69,1,1.0003930817610063
4O6TK9,0,1.0
RDC2YK,0,1.0
U64T09,1,1.0003930817610063
RRYC5G,1,1.0003930817610063
X2T4P3,1,1.0003930817610063
BD55NO,1,1.0003930817610063
A5PG5N,0,1.0
M2KL4C,1,1.0003930817610063
YBG3FA,1,1.0003930817610063
2N7AAS,1,1.0003930817610063
J1MZR5,0,1.0
C63MPA,1,1.0003930817610063
JHKBUS,1,1.0003930817610063
MBK3PM,1,1.0003930817610063
IXI2YE,0,1.0
A2RQA4,0,1.0
UN8POU,1,1.0003930817610063
JELOYM,1,1.0003930817610063
UPJH6E,1,1.0003930817610063
E9W7KQ,1,1.0003930817610063
7R0E9J,1,1.0003930817610063
6YEMS7,1,1.0003930817610063
VYDSGL,0,1.0
8IA57P,0,1.0
MAB2WB,1,1.0003930817610063
DVOAD9,0,1.0
HC0ARY,0,1.0
RK4B9J,1,1.0003930817610063
MC8XCG,0,1.0
940ZMY,1,1.0003930817610063
Z5C6W6,0,1.0
6MHNKB,0,1.0
9DCTS6,1,1.0003930817610063
C50M45,1,1.0003930817610063
NF43PR,1,1.0003930817610063
12LRY4,1,1.0003930817610063
10ZWQ1,0,1.0
UDB1JR,0,1.0
R4J24Z,0,1.0
H9H767,0,1.0
SSVHMG,0,1.0
KYWZ7N,1,1.0003930817610063
GM7FE9,0,1.0
3G9IIA,1,1.0003930817610063
IHO22M,1,1.0003930817610063
S8Z9GL,0,1.0
2MK53R,1,1.0003930817610063
IA86WQ,1,1.0003930817610063
Y67VYA,1,1.0003930817610063
GI94ST,0,1.0
WUI1K8,1,1.0003930817610063
M7VNPG,0,1.0
QY3QAJ,0,1.0
A0H5TI,0,1.0
7QZKU9,0,1.0
G50KAS,0,1.0
P6T3SI,1,1.0003930817610063
YL3OEP,1,1.0003930817610063
PUZHUT,1,1.0003930817610063
MYUYXC,0,1.0
XI8MY0,0,1.0
FIJHAT,1,1.0003930817610063
PD5IIL,1,1.0003930817610063
IVAZSP,0,1.0
SFEXGH,1,1.0003930817610063
66KGAG,1,1.0003930817610063
E5CC21,1,1.0003930817610063
V9DW1U,1,1.0003930817610063
G09OD4,1,1.0003930817610063
YE4EEG,0,1.0
4DKYP7,0,1.0
351KDW,1,1.0003930817610063
7Z7GKO,1,1.0003930817610063
IQFAP7,0,1.0
KXALJW,0,1.0
PO1WPB,1,1.0003930817610063
118RK2,1,1.0003930817610063
KSLTLQ,1,1.0003930817610063
0LH3B5,1,1.0003930817610063
A39C6E,1,1.0003930817610063
7YL6PC,1,1.0003930817610063
8JXLJU,0,1.0
XPLZM0,1,1.0003930817610063
IFZKQ7,0,1.0
QOBUDT,1,1.0003930817610063
RJ68SQ,1,1.0003930817610063
A5E8IF,0,1.0
3U0OM4,1,1.0003930817610063
1A9N3D,0,1.0
842L0U,0,1.0
T2FB3S,0,1.0
MYXC4H,0,1.0
X18OGM,0,1.0
6EMA2B,1,1.0003930817610063
FVIX28,0,1.0
HLM9UM,0,1.0
V450BO,1,1.0003930817610063
GBW4MU,0,1.0
W67PNH,0,1.0
NHOLO8,0,1.0
U4KC7Q,0,1.0
T99BLD,0,1.0
E4AEOK,1,1.0003930817610063
4N61O3,0,1.0
H7MAH4,1,1.0003930817610063
E1JA1M,1,1.0003930817610063
UTK2ZV,0,1.0
EJER1R,1,1.0003930817610063
PR8ILJ,0,1.0
1KF9C0,0,1.0
0UGKI4,0,1.0
QS6IC0,0,1.0
KCXISW,0,1.0
64HU13,1,1.0003930817610063
5RFD9V,0,1.0
H9OOEA,0,1.0
V20CLN,0,1.0
2UVBUF,1,1.0003930817610063
LPXMD2,0,1.0
WAABTJ,0,1.0
NVTTHZ,0,1.0
ZVRG38,0,1.0
KAVA2X,1,1.0003930817610063
EQUPR3,1,1.0003930817610063
N2QWMH,1,1.0003930817610063
3VJE2F,0,1.0
HR9FK4,1,1.0003930817610063
1RTY62,1,1.0003930817610063
2Z41C0,1,1.0003930817610063
ZORTP8,0,1.0
T3H1ZZ,0,1.0
OEMSPR,0,1.0
OOTSTW,0,1.0
9HQ7Q6,0,1.0
Z1ZUKT,1,1.0003930817610063
8BSFWL,1,1.0003930817610063
G3KBTC,1,1.0003930817610063
XYSPRG,1,1.0003930817610063
IQ2ZXA,1,1.0003930817610063
8WPH0Q,0,1.0
J0NPBX,0,1.0
ENAEBK,1,1.0003930817610063
C7QMT0,1,1.0003930817610063
5R289W,0,1.0
C47NOC,1,1.0003930817610063
8GJXRY,0,1.0
BAC2AF,1,1.0003930817610063
7QBXHQ,1,1.0003930817610063
CQR8D5,1,1.0003930817610063
UFQ889,1,1.0003930817610063
6XMFWF,0,1.0
CBDXF8,1,1.0003930817610063
H0CH2X,0,1.0
EODG0I,0,1.0
I2QTO7,0,1.0
A7QA8P,0,1.0
1LZFIK,1,1.0003930817610063
IQ0IUX,1,1.0003930817610063
QJLYCF,1,1.0003930817610063
HTGKFR,0,1.0
ZHPBX6,0,1.0
7862OK,0,1.0
6XMWZC,0,1.0
L9PL7N,0,1.0
Y89CUE,0,1.0
N0H24D,0,1.0
KVBT1K,0,1.0
KULE9D,0,1.0
QCRR2U,1,1.0003930817610063
5SLNL4,0,1.0
BSY6ZI,0,1.0
46QLQR,0,1.0
C7HNAS,0,1.0
OM4DSK,1,1.0003930817610063
UGC4DA,0,1.0
FVKKZK,1,1.0003930817610063
3FVTBG,0,1.0
XHS5SG,0,1.0
1F5CNJ,0,1.0
P8X6W8,0,1.0
VYFZK3,1,1.0003930817610063
EXQWL2,1,1.0003930817610063
UXS0IC,0,1.0
0QO962,0,1.0
V31M3H,1,1.0003930817610063
YS0VK6,0,1.0
LRRKS8,0,1.0
EXKA0S,1,1.0003930817610063
YNYXTJ,0,1.0
UB8Z93,1,1.0003930817610063
U6PEKL,0,1.0
R4WJHJ,0,1.0
VSSBXV,1,1.0003930817610063
WVNE1Q,0,1.0
YFPDWQ,1,1.0003930817610063
8YFMSP,0,1.0
ERHR9W,1,1.0003930817610063
KCJXVC,0,1.0
WEMMDP,0,1.0
7LISLD,1,1.0003930817610063
9YUW7S,0,1.0
JDP5T6,1,1.0003930817610063
CINSAO,0,1.0
LPZHPX,0,1.0
IFS7A6,0,1.0
W60HWI,1,1.0003930817610063
PRHFD6,0,1.0
DZSXRX,0,1.0
U6PUPR,1,1.0003930817610063
DPDDIH,1,1.0003930817610063
RJ6HTC,0,1.0
QCSUD1,0,1.0
W5SXEJ,0,1.0
9OLKVH,0,1.0
9FFKYO,0,1.0
119SYA,0,1.0
OC280J,0,1.0
4ZJCL5,0,1.0
DU2IAR,0,1.0
333MQC,0,1.0
6NIB2O,1,1.0003930817610063
13VVYQ,0,1.0
PADZ9T,1,1.0003930817610063
ABYBJW,0,1.0
I7CBDJ,0,1.0
977RFO,1,1.0003930817610063
33C7QB,1,1.0003930817610063
XFW2RM,0,1.0
U06C68,1,1.0003930817610063
JSINNO,0,1.0
PFXON9,1,1.0003930817610063
SRQWP0,0,1.0
JGQ590,1,1.0003930817610063
YR5Z4H,1,1.0003930817610063
LE99HU,0,1.0
4ERJJ6,1,1.0003930817610063
AXLA3S,0,1.0
VQOHN8,1,1.0003930817610063
RL9VZ9,1,1.0003930817610063
3ACQD0,0,1.0
FFQT8C,1,1.0003930817610063
2CU7ZY,1,1.0003930817610063
K927KP,1,1.0003930817610063
E1MAAG,1,1.0003930817610063
IM9QCP,1,1.0003930817610063
ANSB93,0,1.0
O28GGT,1,1.0003930817610063
7XFHLX,1,1.0003930817610063
GN2C38,1,1.0003930817610063
6932UU,0,1.0
LLGR3P,0,1.0
X02ZTY,1,1.0003930817610063
YK4KTZ,1,1.0003930817610063
4SRMGZ,0,1.0
2LC96S,1,1.0003930817610063
IRJDXA,0,1.0
7LU5RY,1,1.0003930817610063
9GDD81,1,1.0003930817610063
AXHNVQ,0,1.0
K69O9W,1,1.0003930817610063
8WLGOE,0,1.0
LIXQP9,1,1.0003930817610063
V0OVZI,1,1.0003930817610063
5DPCXS,0,1.0
7260I3,1,1.0003930817610063
CGNPSR,1,1.0003930817610063
OKXLHO,1,1.0003930817610063
HNTVCB,0,1.0
6AD7ZE,0,1.0
ROD0GH,1,1.0003930817610063
J54EWR,0,1.0
139POA,1,1.0003930817610063
9TQ5LO,1,1.0003930817610063
IIYN8U,1,1.0003930817610063
PU14F1,1,1.0003930817610063
A4ECDV,0,1.0
NAY2H2,0,1.0
GFQQWC,1,1.0003930817610063
57TL92,0,1.0
J3BS63,0,1.0
VVWVL2,1,1.0003930817610063
CKCYOW,0,1.0
9158EG,1,1.0003930817610063
FKZBZA,0,1.0
7V8SM7,1,1.0003930817610063
X06Q8D,1,1.0003930817610063
3TW6A4,1,1.0003930817610063
KBELH8,1,1.0003930817610063
LXNA8E,1,1.0003930817610063
AXXYP7,1,1.0003930817610063
J5RZ9C,0,1.0
Q0UB2C,1,1.0003930817610063
KBUB4R,1,1.0003930817610063
1NZVNI,1,1.0003930817610063
YH5T8X,1,1.0003930817610063
T8NV0Q,1,1.0003930817610063
69IHFC,0,1.0
NLWD10,0,1.0
R1YH7D,1,1.0003930817610063
XFSM07,1,1.0003930817610063
5YOQTT,0,1.0
O99S2A,0,1.0
FMLQU4,1,1.0003930817610063
C4VN2C,1,1.0003930817610063
P6Q1DM,1,1.0003930817610063
AYKH8N,1,1.0003930817610063
M38HXA,0,1.0
C6A7QX,1,1.0003930817610063
6ETE8H,1,1.0003930817610063
JFYWNC,1,1.0003930817610063
QC08Y9,0,1.0
XAFA2M,0,1.0
79D6AN,0,1.0
9S605U,0,1.0
TLTJYK,0,1.0
384PA2,1,1.0003930817610063
9KV53D,0,1.0
ZABSDC,1,1.0003930817610063
7HM2Z5,1,1.0003930817610063
CRV6NM,1,1.0003930817610063
CJ6SXF,0,1.0
6UQ1ZK,1,1.0003930817610063
7GVN55,0,1.0
VVEBTU,0,1.0
NZONFW,1,1.0003930817610063
A03EVP,1,1.0003930817610063
P1MXGZ,1,1.0003930817610063
S96L6N,0,1.0
D35K68,1,1.0003930817610063
G9MEIU,1,1.0003930817610063
VJMEMH,1,1.0003930817610063
LWYACU,0,1.0
NB12D6,1,1.0003930817610063
REPZL5,0,1.0
INRJYE,0,1.0
ZIAL15,0,1.0
A3OHEU,0,1.0
5ACZDB,0,1.0
SGDFCW,0,1.0
3AGCLG,0,1.0
Z1K7N0,0,1.0
1PTL8P,1,1.0003930817610063
YRMZ1E,0,1.0
I0ANMA,1,1.0003930817610063
JR9M37,1,1.0003930817610063
6HY4WV,1,1.0003930817610063
9V5YRV,1,1.0003930817610063
ADCTLD,1,1.0003930817610063
T8WEZG,0,1.0
UXKV0C,1,1.0003930817610063
IUD7WT,0,1.0
7L6HCH,0,1.0
KSSXPP,0,1.0
A0EAZU,1,1.0003930817610063
Y2W1PH,1,1.0003930817610063
U3T01H,1,1.0003930817610063
3PJ8HE,0,1.0
E5IY2T,1,1.0003930817610063
KY09Q0,1,1.0003930817610063
T2NUKB,0,1.0
ZSFI2Q,0,1.0
C58KMT,0,1.0
3GEEY1,0,1.0
5CQ8YY,1,1.0003930817610063
3RH6M0,0,1.0
3BHL4P,1,1.0003930817610063
UF2AK9,0,1.0
ZAM4CF,1,1.0003930817610063
ON3JN9,1,1.0003930817610063
RDID72,1,1.0003930817610063
EXKYV3,1,1.0003930817610063
BVIJLZ,1,1.0003930817610063
KOKF05,0,1.0
1YFUX5,0,1.0
W2297G,0,1.0
75NKYK,0,1.0
JYPWGM,1,1.0003930817610063
BR1JMV,0,1.0
1IW0BC,1,1.0003930817610063
0PGPQI,1,1.0003930817610063
GUXNYM,0,1.0
JBKQ6Y,0,1.0
5KXUF4,0,1.0
SZ6B14,1,1.0003930817610063
XSVZ0D,1,1.0003930817610063
9AVYKK,0,1.0
F5UJO8,1,1.0003930817610063
K7F2ZV,1,1.0003930817610063
L22NHO,1,1.0003930817610063
2XUWNM,1,1.0003930817610063
5ELD9X,1,1.0003930817610063
S2SLZW,0,1.0
HCYZMA,0,1.0
EN4YQF,1,1.0003930817610063
L6KJJ6,0,1.0
01FUWE,1,1.0003930817610063
LDMP1W,0,1.0
LYIUL9,1,1.0003930817610063
S3XGOH,0,1.0
6B4G1T,0,1.0
TLWHS6,0,1.0
LRVPHU,0,1.0
E61F4T,0,1.0
ECASJF,1,1.0003930817610063
ONMHZ9,1,1.0003930817610063
F8AXZB,1,1.0003930817610063
6AMLZ8,1,1.0003930817610063
9N9QK0,1,1.0003930817610063
EQNEPS,0,1.0
6TXMHO,0,1.0
GYWXMB,1,1.0003930817610063
BRRW0B,0,1.0
JO775E,1,1.0003930817610063
F59T8X,0,1.0
XXMM9S,0,1.0
CFMW9C,0,1.0
WT9FHC,1,1.0003930817610063
TQRKME,0,1.0
WXFZ52,0,1.0
NZJKTF,1,1.0003930817610063
FCT7AL,1,1.0003930817610063
6J1GC7,1,1.0003930817610063
3O5BN8,1,1.0003930817610063
57A8EZ,1,1.0003930817610063
T75OV2,0,1.0
PQP2HV,0,1.0
HH4SN3,1,1.0003930817610063
TGHEU1,1,1.0003930817610063
TCL238,0,1.0
A2WYN5,1,1.0003930817610063
CR8EEM,1,1.0003930817610063
KHNNOK,1,1.0003930817610063
BX8XFI,0,1.0
VC79VM,1,1.0003930817610063
5FLAAX,1,1.0003930817610063
81PSS5,1,1.0003930817610063
ZH4LUJ,0,1.0
5SMRD1,0,1.0
WSKUXE,0,1.0
URUECE,1,1.0003930817610063
AYQ9SS,1,1.0003930817610063
EX3VDZ,0,1.0
X84YOA,1,1.0003930817610063
MJOJGB,0,1.0
MWA129,1,1.0003930817610063
0GM09D,1,1.0003930817610063
SZSRLO,0,1.0
O444P7,0,1.0
9PN66J,0,1.0
XFFEB3,0,1.0
DCKC0R,0,1.0
SS2YJC,1,1.0003930817610063
58VQVT,0,1.0
XR3TA6,1,1.0003930817610063
XHY015,1,1.0003930817610063
A0ANN0,0,1.0
CIQASJ,1,1.0003930817610063
I41NZ6,1,1.0003930817610063
C8B97R,1,1.0003930817610063
DOSIM3,0,1.0
F2WIZB,0,1.0
02XW9X,0,1.0
EKWY4S,1,1.0003930817610063
FW41DB,0,1.0
SB9IHO,1,1.0003930817610063
IJHFLE,1,1.0003930817610063
3S2QUU,1,1.0003930817610063
QI80H0,0,1.0
BHJJUJ,0,1.0
H42LF5,0,1.0
KO1HRJ,0,1.0
9Q2AWW,0,1.0
X8XF1M,0,1.0
O294S1,1,1.0003930817610063
0MMPBY,1,1.0003930817610063
SCOKNW,0,1.0
CK3A6S,0,1.0
HT4X71,1,1.0003930817610063
RR59MO,0,1.0
0H0UEO,1,1.0003930817610063
70ONEN,0,1.0
H83MSJ,0,1.0
ZMY6GA,0,1.0
14WR0H,0,1.0
XFE3J8,0,1.0
CXMVBG,0,1.0
88LF7X,0,1.0
4U6ANZ,0,1.0
26BNQE,0,1.0
0JFYKA,0,1.0
BJBLCD,1,1.0003930817610063
UR8U0J,0,1.0
GAEX88,0,1.0
52LN24,1,1.0003930817610063
GS6CUU,1,1.0003930817610063
F9ATA2,0,1.0
M4JRAD,1,1.0003930817610063
JKO5Z5,0,1.0
53O6JA,0,1.0
1WI931,1,1.0003930817610063
1U3B6P,1,1.0003930817610063
FXTWCC,1,1.0003930817610063
5FQW08,0,1.0
LVO24N,1,1.0003930817610063
L0S4AA,0,1.0
HX54UZ,0,1.0
A2N0PS,1,1.0003930817610063
QU8NPA,1,1.0003930817610063
I7V0GZ,0,1.0
YQAIAY,0,1.0
Y3NPKA,1,1.0003930817610063
NE6RLX,0,1.0
6QBQ2V,0,1.0
ORR36N,1,1.0003930817610063
33MG0O,1,1.0003930817610063
IDHR54,0,1.0
ZOQ6P6,0,1.0
0BY2WC,1,1.0003930817610063
4T9AFB,0,1.0
51XCHP,0,1.0
J0P3XG,1,1.0003930817610063
CUHDW6,0,1.0
H8JAWI,1,1.0003930817610063
X2Z720,0,1.0
K9EP3C,0,1.0
6CHYB2,1,1.0003930817610063
56P4BB,1,1.0003930817610063
8KIJU9,0,1.0
QOD9PA,0,1.0
PSIYF3,0,1.0
LIOP5Y,0,1.0
3MVE4N,0,1.0
DLLU5A,1,1.0003930817610063
IL1Y5J,1,1.0003930817610063
J03BEB,0,1.0
LUYQFL,0,1.0
BK6160,0,1.0
2SUU9Z,1,1.0003930817610063
5EIY1W,0,1.0
62TC0B,1,1.0003930817610063
BWCPKF,0,1.0
NM7L1P,0,1.0
JBX7S9,1,1.0003930817610063
4G9YUJ,1,1.0003930817610063
VKVU2T,1,1.0003930817610063
TMCG0E,1,1.0003930817610063
ZK7HUS,1,1.0003930817610063
FOCDWK,1,1.0003930817610063
QPHVZV,0,1.0
XZXZ3B,0,1.0
0EXTDF,1,1.0003930817610063
V6C71P,0,1.0
FDAHGK,0,1.0
YXTCFD,0,1.0
Q6L8XX,1,1.0003930817610063
1AT006,0,1.0
PZ3Q4L,1,1.0003930817610063
2HWGD6,0,1.0
GNI36Z,1,1.0003930817610063
92G32D,1,1.0003930817610063
69EIMX,1,1.0003930817610063
ZV0YWY,0,1.0
BN9TJU,1,1.0003930817610063
0PWT2R,0,1.0
78G3HG,1,1.0003930817610063
YHYU85,1,1.0003930817610063
IJ7ECX,0,1.0
TR7DD9,0,1.0
HKCM6U,0,1.0
V7JS9E,0,1.0
TDPL7X,1,1.0003930817610063
QWZALP,1,1.0003930817610063
HVMXGZ,1,1.0003930817610063
WVJA1U,1,1.0003930817610063
JODF2Q,1,1.0003930817610063
TQ1K38,0,1.0
V3MW75,0,1.0
JYUHNW,1,1.0003930817610063
9WZFD1,1,1.0003930817610063
L5HOKN,0,1.0
CHVVFH,0,1.0
9UTI7A,0,1.0
HM1T5V,0,1.0
27X6PE,1,1.0003930817610063
ROVM2T,0,1.0
1MVKMS,0,1.0
Y88BKL,1,1.0003930817610063
KXX76W,0,1.0
CS9NKS,1,1.0003930817610063
92X34E,1,1.0003930817610063
WROXGU,1,1.0003930817610063
UZSX6M,1,1.0003930817610063
AEB0B5,1,1.0003930817610063
N8AFGT,1,1.0003930817610063
IV14ZY,1,1.0003930817610063
77BCBN,0,1.0
VDPSLK,0,1.0
W5JY3X,1,1.0003930817610063
Z22V96,0,1.0
TEFESP,1,1.0003930817610063
BZGLIO,1,1.0003930817610063
WOWCE3,0,1.0
B0R098,0,1.0
WR3RI0,1,1.0003930817610063
J0DJTO,0,1.0
AJDRVO,1,1.0003930817610063
Z99E9H,0,1.0
UF0MAL,0,1.0
T0WOJK,1,1.0003930817610063
1OPSYF,1,1.0003930817610063
CVSPKE,0,1.0
D8V6OI,1,1.0003930817610063
NFEH33,1,1.0003930817610063
24R6IZ,0,1.0
E84M17,0,1.0
KG5NYY,0,1.0
T06TED,0,1.0
EWCDU1,0,1.0
GIVITV,0,1.0
F4VPIA,1,1.0003930817610063
358FH8,1,1.0003930817610063
K6CWSI,0,1.0
IVQCQF,1,1.0003930817610063
JSARS6,0,1.0
WK3X1N,1,1.0003930817610063
6S9JVE,0,1.0
MI2NS7,0,1.0
4YLW9F,1,1.0003930817610063
EPB40T,0,1.0
XVUC40,0,1.0
XC2G7F,0,1.0
S33KKL,0,1.0
JAPN5M,1,1.0003930817610063
IXE6FD,1,1.0003930817610063
L9Y50V,0,1.0
5HQ6Q1,1,1.0003930817610063
V1Y3TI,1,1.0003930817610063
G7SMN5,0,1.0
BDKRLN,0,1.0
JA76WG,0,1.0
0OVCAJ,0,1.0
4WDJZU,0,1.0
8M6GYC,0,1.0
J5HOLR,1,1.0003930817610063
P5SI4F,1,1.0003930817610063
076E39,1,1.0003930817610063
CLUEYU,0,1.0
ZKE8K8,1,1.0003930817610063
LG3953,1,1.0003930817610063
PQAGZV,1,1.0003930817610063
ZKQL31,0,1.0
91TZ3O,1,1.0003930817610063
KRTE3P,1,1.0003930817610063
QSLI7R,1,1.0003930817610063
1L8PCF,0,1.0
JKL0FM,1,1.0003930817610063
5ETL5S,1,1.0003930817610063
GJX9L7,0,1.0
16YELX,1,1.0003930817610063
LBZ8RU,1,1.0003930817610063
WDQE5D,1,1.0003930817610063
1KJRYG,0,1.0
ECIAPL,0,1.0
OCNWCU,0,1.0
DI9VHW,1,1.0003930817610063
RIQ68V,0,1.0
5YNHMI,1,1.0003930817610063
P7TMIB,0,1.0
KLPC2B,0,1.0
VQWLBO,1,1.0003930817610063
N3Y2KI,1,1.0003930817610063
K2GA2V,1,1.0003930817610063
LPIUOQ,0,1.0
WVIWL7,0,1.0
TALW8R,0,1.0
3878J3,1,1.0003930817610063
VCRZYZ,1,1.0003930817610063
6IRKCE,0,1.0
I5TCTQ,0,1.0
IUX1DR,0,1.0
S1194A,0,1.0
EWJZUQ,1,1.0003930817610063
NRCCLS,0,1.0
N8071V,0,1.0
JQ4EM9,1,1.0003930817610063
KTORVI,1,1.0003930817610063
PT071D,1,1.0003930817610063
SKUKQM,1,1.0003930817610063
ZXWR1M,0,1.0
GJA732,1,1.0003930817610063
TD03DZ,0,1.0
97L4ZM,0,1.0
P7X7U0,0,1.0
0A0IFE,0,1.0
28PEME,0,1.0
C6VEGY,1,1.0003930817610063
RL5OJF,0,1.0
5P2SZX,1,1.0003930817610063
8DD859,0,1.0
GPYLA9,1,1.0003930817610063
RCVJ0T,1,1.0003930817610063
O3B82U,0,1.0
LP6CGL,0,1.0
H5FKBE,0,1.0
NSWIXS,1,1.0003930817610063
A2FSA3,0,1.0
OZEQS5,0,1.0
0WTJZ8,1,1.0003930817610063
FUHXQG,1,1.0003930817610063
YS1VGV,1,1.0003930817610063
ACMUOE,0,1.0
SW5YLQ,0,1.0
N1JHBW,0,1.0
94SWA7,0,1.0
6L79TX,0,1.0
OJI51T,1,1.0003930817610063
3W38OH,0,1.0
WU3ZRK,1,1.0003930817610063
4UTDDB,1,1.0003930817610063
29FT0Y,0,1.0
BFRKF9,1,1.0003930817610063
BO4WGB,1,1.0003930817610063
91Q9SR,1,1.0003930817610063
1T8GVI,0,1.0
0PPFG0,0,1.0
FO58J1,1,1.0003930817610063
FC61GT,0,1.0
HUIYGC,1,1.0003930817610063
TJ7NSL,0,1.0
IHW3M2,1,1.0003930817610063
MOD117,0,1.0
B6IBEB,0,1.0
YP57PI,1,1.0003930817610063
JWE4CH,0,1.0
UP5NLN,1,1.0003930817610063
A9T8L1,1,1.0003930817610063
PNWQNL,1,1.0003930817610063
R2MWLN,0,1.0
E8ZL10,1,1.0003930817610063
Y78KD5,1,1.0003930817610063
VP0FVG,1,1.0003930817610063
5AOUDD,1,1.0003930817610063
RSVM45,1,1.0003930817610063
UV1K9I,0,1.0
ZUEQ42,1,1.0003930817610063
80KPO7,1,1.0003930817610063
5OZCS5,0,1.0
92HPYE,0,1.0
7M61H8,1,1.0003930817610063
I2C4CK,0,1.0
R73GI2,1,1.0003930817610063
6BKU3P,0,1.0
25R4NC,1,1.0003930817610063
4EMU28,0,1.0
N36HNB,1,1.0003930817610063
FABQ6B,1,1.0003930817610063
Q9HDRK,1,1.0003930817610063
8TW4UX,0,1.0
S69OKV,0,1.0
VP80BR,0,1.0
03PX3F,1,1.0003930817610063
U96OA5,1,1.0003930817610063
VXTLJN,0,1.0
AL05L4,1,1.0003930817610063
O7E8C0,0,1.0
I3YNQD,1,1.0003930817610063
5B9ZWW,1,1.0003930817610063
5E3CK4,1,1.0003930817610063
1CRUML,1,1.0003930817610063
RQQ4T9,0,1.0
6J4TDI,1,1.0003930817610063
Q2DKB6,1,1.0003930817610063
813WM0,0,1.0
DTB52I,1,1.0003930817610063
DFBB37,0,1.0
4FDUMZ,1,1.0003930817610063
NPNSMB,1,1.0003930817610063
4LX0H3,1,1.0003930817610063
T2F0G3,0,1.0
X1F9P2,1,1.0003930817610063
ZFINXA,0,1.0
9QRQQW,0,1.0
VHYSXR,0,1.0
UL0U9D,0,1.0
1XDD8H,1,1.0003930817610063
ILETS9,0,1.0
XIBDGT,0,1.0
18GE64,1,1.0003930817610063
1WHDW3,0,1.0
ZZTLJV,0,1.0
Q8RAQ1,0,1.0
Z7RDOL,0,1.0
48VWJW,1,1.0003930817610063
FTKEVV,0,1.0
13LTJ9,0,1.0
GG25WX,0,1.0
HXEJ7V,0,1.0
4JBV52,0,1.0
223WB5,0,1.0
15315A,1,1.0003930817610063
TBVO3A,0,1.0
1JHVO7,0,1.0
Q9IXUJ,0,1.0
GJZDV3,1,1.0003930817610063
KBCFC4,1,1.0003930817610063
MBWDRW,0,1.0
RWUXAW,0,1.0
T55SXJ,0,1.0
R6Y8LP,1,1.0003930817610063
8YEXPT,1,1.0003930817610063
GW56VS,0,1.0
IR5PYM,1,1.0003930817610063
ZC1BKN,0,1.0
V47PXX,1,1.0003930817610063
Y9GKIJ,0,1.0
FQVRQ2,0,1.0
WUQ3MM,0,1.0
8QGRSO,1,1.0003930817610063
ZE2OHE,0,1.0
8X86PU,1,1.0003930817610063
Y9ZFF4,1,1.0003930817610063
H69EMW,1,1.0003930817610063
VUEYRM,0,1.0
ZWBG7Z,1,1.0003930817610063
TQL2XJ,1,1.0003930817610063
Z4WB5A,0,1.0
HM3UR6,1,1.0003930817610063
9DHV36,1,1.0003930817610063
20QL99,1,1.0003930817610063
4K1WWL,1,1.0003930817610063
JPXOGV,0,1.0
SA2LRK,1,1.0003930817610063
KCU00Z,1,1.0003930817610063
DM3NAU,1,1.0003930817610063
UHWFXI,1,1.0003930817610063
3LKCPP,0,1.0
P5OHRJ,1,1.0003930817610063
L3AEAB,0,1.0
H2BCSX,0,1.0
KUOEHI,1,1.0003930817610063
XD3RJR,1,1.0003930817610063
O9PBWK,0,1.0
NMIA7G,0,1.0
UF2ZK6,0,1.0
92H4EV,0,1.0
SG1QXY,1,1.0003930817610063
DS21FL,0,1.0
ZMYEJS,0,1.0
MYRE4P,0,1.0
U16738,0,1.0
QQF4QN,0,1.0
JG0ZNV,1,1.0003930817610063
RUYE05,0,1.0
QWTIX3,0,1.0
HOELKU,1,1.0003930817610063
SVFLGW,0,1.0
I941E5,0,1.0
KW1CUQ,0,1.0
JXNW17,0,1.0
F2UYER,1,1.0003930817610063
4917PB,0,1.0
W962OR,1,1.0003930817610063
T1E097,0,1.0
O75YX4,0,1.0
KF4NTZ,1,1.0003930817610063
8X66JZ,1,1.0003930817610063
J2UN5Q,0,1.0
KOHT4J,0,1.0
2UNOWK,0,1.0
Y6ONRQ,1,1.0003930817610063
VCXA2G,1,1.0003930817610063
K7B4YU,1,1.0003930817610063
4VDKSS,1,1.0003930817610063
FS3Q7Z,1,1.0003930817610063
74V8HT,1,1.0003930817610063
3S6FYQ,0,1.0
P8B8DQ,1,1.0003930817610063
Y7ZAOQ,1,1.0003930817610063
TVDP1V,1,1.0003930817610063
PE06N8,1,1.0003930817610063
TNUBEC,0,1.0
ZGUTHR,1,1.0003930817610063
TCY2WB,1,1.0003930817610063
IXVGHI,0,1.0
Z97X98,1,1.0003930817610063
EDL6YU,0,1.0
FX2FHX,1,1.0003930817610063
NI9HZM,1,1.0003930817610063
5D768L,0,1.0
2S1ETP,0,1.0
65TXXV,1,1.0003930817610063
8B7END,0,1.0
1ONMF0,0,1.0
K3U619,1,1.0003930817610063
PTRSRI,0,1.0
KGZKUR,0,1.0
LT43X7,1,1.0003930817610063
0RXFW1,1,1.0003930817610063
6VTFQT,0,1.0
QRR3UD,1,1.0003930817610063
TQAFOR,0,1.0
5C8YU7,1,1.0003930817610063
5KKUR9,1,1.0003930817610063
ZSGB3T,0,1.0
71DB6K,1,1.0003930817610063
KNMLYM,0,1.0
SRCHJD,1,1.0003930817610063
4CBENJ,0,1.0
45L4SM,1,1.0003930817610063
WLI5X9,1,1.0003930817610063
DD695Q,1,1.0003930817610063
V2QCMM,1,1.0003930817610063
6W1XN4,0,1.0
CYA75Y,0,1.0
W1MGA1,1,1.0003930817610063
JIGWPP,0,1.0
47X1PR,0,1.0
W5Q5XB,0,1.0
F8IJWM,1,1.0003930817610063
CKQVK3,0,1.0
CF5CCT,1,1.0003930817610063
KRX6Y7,1,1.0003930817610063
TDY8GB,1,1.0003930817610063
65MSTT,0,1.0
FF2PGM,0,1.0
WJOMU6,1,1.0003930817610063
2HKRNG,0,1.0
SAFUNF,1,1.0003930817610063
0UZMBC,0,1.0
GEFLQ0,0,1.0
JVWULR,0,1.0
J7CY61,1,1.0003930817610063
3UV9WD,0,1.0
RK5P02,0,1.0
230X46,1,1.0003930817610063
2J61L5,0,1.0
JO668C,1,1.0003930817610063
CFRXY9,0,1.0
WJC86G,1,1.0003930817610063
AUS4QO,1,1.0003930817610063
OHM5TX,1,1.0003930817610063
T6W97M,0,1.0
SEXNZ1,1,1.0003930817610063
IS0BBB,1,1.0003930817610063
OL56PY,1,1.0003930817610063
6ZB1H1,0,1.0
8M008Q,1,1.0003930817610063
BWRWC9,1,1.0003930817610063
R8KRXL,0,1.0
WI3MG7,1,1.0003930817610063
E2R5DE,1,1.0003930817610063
5HMR69,1,1.0003930817610063
E49GSM,1,1.0003930817610063
E6BQ7R,0,1.0
0QE4HE,1,1.0003930817610063
EN2W6W,0,1.0
ZD5VB3,0,1.0
6NM7ZP,0,1.0
U94AEF,1,1.0003930817610063
FW0W53,0,1.0
VJW6OM,0,1.0
I5X4JV,0,1.0
20S3LP,1,1.0003930817610063
WL5QMO,1,1.0003930817610063
H2SYCW,1,1.0003930817610063
D30MET,1,1.0003930817610063
TGK0WT,1,1.0003930817610063
XZ09WS,1,1.0003930817610063
V0PJCH,1,1.0003930817610063
ZPJ42S,1,1.0003930817610063
9L5AED,1,1.0003930817610063
VCM9OQ,0,1.0
8IITAM,0,1.0
76PV40,0,1.0
2SXGGE,1,1.0003930817610063
K9SJDH,1,1.0003930817610063
AE2U1H,0,1.0
NDJMS6,0,1.0
65LDSM,0,1.0
KQRR1I,1,1.0003930817610063
3ZQXA0,1,1.0003930817610063
91GVYS,0,1.0
XWDVZ1,0,1.0
O01TFS,0,1.0
H8AW3E,1,1.0003930817610063
KF055T,0,1.0
U49GKC,1,1.0003930817610063
W1PR17,1,1.0003930817610063
QZEKC7,1,1.0003930817610063
81GFAM,0,1.0
J9P7EN,0,1.0
XNN6N6,0,1.0
25AEC8,0,1.0
L2KJCP,0,1.0
B5E83E,1,1.0003930817610063
I8QAVY,0,1.0
DIJ7KY,0,1.0
4RQGW9,0,1.0
SEJBVE,0,1.0
U0GR56,0,1.0
8I9D3F,1,1.0003930817610063
83UOI4,1,1.0003930817610063
S1R7V6,0,1.0
Z7C1RY,1,1.0003930817610063
K3X211,0,1.0
84F947,1,1.0003930817610063
8LL02H,0,1.0
ORJFG4,0,1.0
REAZ89,1,1.0003930817610063
CQHJYG,1,1.0003930817610063
UHW0R0,1,1.0003930817610063
GQU4SE,1,1.0003930817610063
Y306WQ,1,1.0003930817610063
PN2YKB,0,1.0
Q6WMCP,1,1.0003930817610063
OTTBPN,1,1.0003930817610063
Z9B48N,0,1.0
MVGF37,1,1.0003930817610063
ENWVHE,1,1.0003930817610063
E159GP,0,1.0
L8KOS4,0,1.0
Z6FLC1,0,1.0
WDKKTH,0,1.0
041TBE,1,1.0003930817610063
SIADUL,1,1.0003930817610063
J09BXI,0,1.0
0ZWSZ8,1,1.0003930817610063
62PKBE,0,1.0
92ACPX,1,1.0003930817610063
4R7LL8,0,1.0
NJ9442,1,1.0003930817610063
WA6WVA,1,1.0003930817610063
A9J7GH,0,1.0
2B36HS,0,1.0
P6SAFW,0,1.0
S7ETPS,0,1.0
DLTXM6,0,1.0
UHYGC4,0,1.0
LXCNK6,0,1.0
P1SA9G,0,1.0
6N2N46,1,1.0003930817610063
F0PKQ2,0,1.0
7WNY4G,1,1.0003930817610063
XYN360,1,1.0003930817610063
60CD42,0,1.0
19LYCA,0,1.0
TPHN9K,1,1.0003930817610063
V5Q7TK,1,1.0003930817610063
X0ZUR9,0,1.0
5VAY0S,0,1.0
ILOMXQ,0,1.0
2S07TM,0,1.0
NIAPEY,0,1.0
FFJ254,1,1.0003930817610063
SVCJGD,0,1.0
0WGXZ9,1,1.0003930817610063
DE64UM,1,1.0003930817610063
Q2YYWV,1,1.0003930817610063
CPSQZC,0,1.0
RFOB1Z,1,1.0003930817610063
MHMET8,0,1.0
RP8JOT,0,1.0
1TP36D,1,1.0003930817610063
3HLC5X,0,1.0
2S0E5L,1,1.0003930817610063
57SXMK,0,1.0
069WSG,0,1.0
ASBX4Y,0,1.0
9EO4PA,0,1.0
RVTUOX,1,1.0003930817610063
ZDY780,0,1.0
KP3296,1,1.0003930817610063
M0HXOW,0,1.0
Q17KVU,1,1.0003930817610063
V5NQML,0,1.0
2XZTV1,0,1.0
EZJOWT,0,1.0
YUP9II,1,1.0003930817610063
O5K7HH,1,1.0003930817610063
S7Y4LV,1,1.0003930817610063
YPYBXT,0,1.0
CE1YVD,1,1.0003930817610063
8ATTK6,0,1.0
R9ITJU,0,1.0
HTE2JV,0,1.0
7PDYTH,1,1.0003930817610063
7T1EW9,1,1.0003930817610063
BRDCAH,1,1.0003930817610063
AD16DN,1,1.0003930817610063
KZW2ON,0,1.0
79TU33,1,1.0003930817610063
9IQHUM,1,1.0003930817610063
D4NW3H,0,1.0
8A5TCS,1,1.0003930817610063
9NM2L9,1,1.0003930817610063
6VI2SP,1,1.0003930817610063
P0VQY5,1,1.0003930817610063
U232VO,0,1.0
TEZT3A,0,1.0
N3X6JJ,0,1.0
WSZWZR,1,1.0003930817610063
IUSGMR,1,1.0003930817610063
VMRH2A,1,1.0003930817610063
XX2D3P,0,1.0
UKTX4G,1,1.0003930817610063
V5PNKT,0,1.0
U192YW,0,1.0
MVBJCZ,1,1.0003930817610063
TXT4V9,0,1.0
1K4V03,0,1.0
3TIC7R,1,1.0003930817610063
ZACI9F,0,1.0
VGXPMH,1,1.0003930817610063
S9WR3X,0,1.0
QA2ILS,1,1.0003930817610063
5MJVOS,0,1.0
XN52AC,0,1.0
85MP4V,0,1.0
81GOGQ,0,1.0
BERWJQ,1,1.0003930817610063
ICU1EW,1,1.0003930817610063
A412F6,0,1.0
VYXNYW,0,1.0
JK43PF,0,1.0
8LLOQD,1,1.0003930817610063
LTLPN2,1,1.0003930817610063
WH0SON,1,1.0003930817610063
U44279,1,1.0003930817610063
RWNLL4,1,1.0003930817610063
XGGACZ,1,1.0003930817610063
JDG0SG,0,1.0
V4IC3F,1,1.0003930817610063
GC5YWJ,1,1.0003930817610063
PBE0AM,1,1.0003930817610063
H9VK45,0,1.0
WVKC41,1,1.0003930817610063
0XRBO1,0,1.0
ASHCU3,0,1.0
V4RJXI,1,1.0003930817610063
AN5QDP,0,1.0
Y8VHIH,1,1.0003930817610063
2IWB8D,0,1.0
5YGHM7,0,1.0
7SAGEI,0,1.0
AA3GLI,1,1.0003930817610063
5Q40VC,0,1.0
TYVAS5,1,1.0003930817610063
E1C0WO,0,1.0
S25BL7,1,1.0003930817610063
1H0RUO,1,1.0003930817610063
GDP7DL,0,1.0
TG45PA,0,1.0
N72CU5,0,1.0
T1L1UK,0,1.0
ENLC91,0,1.0
8YUCG1,1,1.0003930817610063
HYZPDJ,1,1.0003930817610063
77KZ24,1,1.0003930817610063
U3QWTG,1,1.0003930817610063
W0VY5N,1,1.0003930817610063
BV27NW,0,1.0
XHEXMH,1,1.0003930817610063
G8OILS,1,1.0003930817610063
HHGV7Y,0,1.0
TOV22K,0,1.0
2T0Q8G,0,1.0
ST5FL8,1,1.0003930817610063
G8PHEQ,1,1.0003930817610063
K3O76W,1,1.0003930817610063
ZD6MZS,1,1.0003930817610063
ZPPYT0,0,1.0
Q48F9L,0,1.0
TW6NVX,0,1.0
